bench_ts,storage,size,file_type,operation,objects,size_mb,generate_seconds,generate_mbps,upload_seconds,upload_mbps,download_seconds,download_mbps,list_seconds,query_filter_region,query_start_ts,query_end_ts,query_grouped_by,query_seconds,query_rows,query_result_groups
2026-05-10T16:37:21.091002+00:00,minio,S,csv,generate+upload+download+list+query,1,298.82,6.596,45.3,0.58,515.11,0.341,877.17,0.031,Eurozone,10.04.2026,20.04.2026,event_type,2.953,584041,4
2026-05-10T16:37:31.667760+00:00,minio,S,parquet,generate+upload+download+list+query,1,78.92,1.353,58.33,0.212,371.57,0.114,690.73,0.025,Eurozone,10.04.2026,20.04.2026,event_type,0.149,584041,4
2026-05-10T16:38:43.144198+00:00,azure,S,csv,generate+upload+download+list+query,1,298.82,0,1253360324,318.501,0.94,162.346,1.84,0.066,Eurozone,10.04.2026,20.04.2026,event_type,254.588,584041,4
2026-05-10T16:51:00.279287+00:00,azure,S,parquet,generate+upload+download+list+query,1,78.92,0,331015164,61.245,1.29,61.363,1.29,0.062,Eurozone,10.04.2026,20.04.2026,event_type,15.678,584041,4
2026-05-10T16:54:02.900323+00:00,aws,S,csv,generate+upload+download+list+query,1,298.82,0,1253360324,188.331,1.59,126.09,2.37,0.584,Eurozone,10.04.2026,20.04.2026,event_type,288.697,584041,4
2026-05-10T17:04:09.653951+00:00,aws,S,parquet,generate+upload+download+list+query,1,78.92,0,165507582,26.355,2.99,27.58,2.86,0.409,Eurozone,10.04.2026,20.04.2026,event_type,46.045,584041,4
2026-05-10T17:08:26.015800+00:00,minio,M,csv,generate+upload+download+list+query,5,1494.12,33.704,44.33,2.236,668.33,1.625,919.25,0.027,Eurozone,10.04.2026,20.04.2026,event_type,5.207,2916266,4
2026-05-10T17:09:08.887075+00:00,minio,M,parquet,generate+upload+download+list+query,5,394.61,6.606,59.74,0.874,451.25,0.511,771.5,0.032,Eurozone,10.04.2026,20.04.2026,event_type,0.374,2916266,4
2026-05-10T17:10:34.736816+00:00,azure,M,csv,generate+upload+download+list+query,5,1494.12,0,0,1026.31,1.46,1229.971,1.21,0.071,Eurozone,10.04.2026,20.04.2026,event_type,758.786,2916266,4
2026-05-10T18:00:51.795978+00:00,azure,M,parquet,generate+upload+download+list+query,5,394.61,0,827560614,291.346,1.35,307.635,1.28,0.086,Eurozone,10.04.2026,20.04.2026,event_type,59.742,2916266,4
2026-05-10T18:12:06.694369+00:00,aws,M,csv,generate+upload+download+list+query,5,1494.12,0,0,656.004,2.28,496.635,3.01,0.377,Eurozone,10.04.2026,20.04.2026,event_type,811.353,2916266,4
2026-05-10T18:44:53.080042+00:00,aws,M,parquet,generate+upload+download+list+query,5,394.61,0,551707076,242.405,1.63,298.092,1.32,0.432,Eurozone,10.04.2026,20.04.2026,event_type,177.007,2916266,4
2026-05-10T18:58:33.493645+00:00,minio,L,csv,generate+upload+download+list+query,20,5976.46,147.779,40.44,8.816,677.92,6.988,855.2,0.031,Eurozone,10.04.2026,20.04.2026,event_type,12.362,11666670,4
2026-05-10T19:01:29.541448+00:00,minio,L,parquet,generate+upload+download+list+query,20,1578.44,26.169,60.32,3.913,403.35,2.073,761.28,0.027,Eurozone,10.04.2026,20.04.2026,event_type,1.233,11666670,4
2026-05-11T16:32:26.325015+00:00,azure,L,csv,generate+upload+download+list+query,20,5976.46,0,25067096600,6679.76,0.89,6515.195,0.92,0.11,Eurozone,10.04.2026,20.04.2026,event_type,2656.691,11666670,4
2026-05-11T20:56:40.980053+00:00,azure,L,parquet,generate+upload+download+list+query,20,1578.44,0,3310235478,1068.175,1.48,874.442,1.81,0.106,Eurozone,10.04.2026,20.04.2026,event_type,169.251,11666670,4
2026-05-11T21:32:04.732800+00:00,aws,L,csv,generate+upload+download+list+query,20,5976.46,0,12533548300,1969.822,3.03,1241.855,4.81,0.409,Eurozone,10.04.2026,20.04.2026,event_type,1820.875,11666670,4
2026-05-11T22:55:59.704139+00:00,aws,L,parquet,generate+upload+download+list+query,20,1578.44,0,2206823652,380.434,4.15,323.392,4.88,0.426,Eurozone,10.04.2026,20.04.2026,event_type,164.044,11666670,4
2026-05-20T12:12:17.336799+00:00,minio,S,csv,generate+upload+download+list+query,1,298.82,0,1253360324,0.705,423.62,0.308,970.63,0.019,Eurozone,10.04.2026,20.04.2026,event_type,2.742,584041,4
2026-05-20T12:12:17.336799+00:00,minio,S,csv,generate+upload+download+list+query,1,298.82,0,1253360324,0.705,423.62,0.308,970.63,0.019,Eurozone,10.04.2026,20.04.2026,event_type,2.742,584041,4
2026-05-20T12:12:21.195804+00:00,minio,S,parquet,generate+upload+download+list+query,1,78.92,0,0,0.273,289.54,0.111,711.2,0.029,Eurozone,10.04.2026,20.04.2026,event_type,0.14,584041,4
2026-05-20T12:12:21.195804+00:00,minio,S,parquet,generate+upload+download+list+query,1,78.92,0,0,0.273,289.54,0.111,711.2,0.029,Eurozone,10.04.2026,20.04.2026,event_type,0.14,584041,4
2026-05-20T12:15:58.081514+00:00,azure,S,csv,generate+upload+download+list+query,1,298.82,0,1253360324,337.201,0.89,417.497,0.72,0.068,Eurozone,10.04.2026,20.04.2026,event_type,438.704,584041,4
2026-05-20T12:35:57.069794+00:00,azure,S,parquet,generate+upload+download+list+query,1,78.92,0,331015164,65.404,1.21,140.367,0.56,0.059,Eurozone,10.04.2026,20.04.2026,event_type,129.604,584041,4
2026-05-20T13:10:34.473764+00:00,minio,S,csv,list,1,298.82,,,,,,,0.031,,,,,,,
2026-05-20T13:10:34.665634+00:00,minio,S,parquet,list,1,78.92,,,,,,,0.016,,,,,,,
2026-05-20T13:10:42.924262+00:00,minio,S,csv,list,1,298.82,,,,,,,0.032,,,,,,,
2026-05-20T13:10:43.109914+00:00,minio,S,parquet,list,1,78.92,,,,,,,0.015,,,,,,,
2026-05-20T13:10:48.739877+00:00,minio,S,csv,list,1,298.82,,,,,,,0.029,,,,,,,
2026-05-20T13:10:48.908003+00:00,minio,S,parquet,list,1,78.92,,,,,,,0.015,,,,,,,
2026-05-20T13:11:17.678813+00:00,minio,M,csv,list,5,1494.12,,,,,,,0.031,,,,,,,
2026-05-20T13:11:17.870463+00:00,minio,M,parquet,list,5,394.61,,,,,,,0.031,,,,,,,
2026-05-20T13:11:30.423356+00:00,minio,M,csv,list,5,1494.12,,,,,,,0.016,,,,,,,
2026-05-20T13:11:30.593450+00:00,minio,M,parquet,list,5,394.61,,,,,,,0.017,,,,,,,
2026-05-20T13:11:36.577132+00:00,minio,M,csv,list,5,1494.12,,,,,,,0.031,,,,,,,
2026-05-20T13:11:36.759339+00:00,minio,M,parquet,list,5,394.61,,,,,,,0.015,,,,,,,
2026-05-20T13:11:42.769638+00:00,minio,L,csv,list,20,5976.46,,,,,,,0.031,,,,,,,
2026-05-20T13:11:42.967848+00:00,minio,L,parquet,list,20,1578.44,,,,,,,0.031,,,,,,,
2026-05-20T13:11:46.380668+00:00,minio,L,csv,list,20,5976.46,,,,,,,0.032,,,,,,,
2026-05-20T13:11:46.578753+00:00,minio,L,parquet,list,20,1578.44,,,,,,,0.007,,,,,,,
2026-05-20T13:13:17.980664+00:00,minio,L,csv,list,20,5976.46,,,,,,,0.031,,,,,,,
2026-05-20T13:13:18.166528+00:00,minio,L,parquet,list,20,1578.44,,,,,,,0.031,,,,,,,
2026-05-20T13:13:40.080421+00:00,azure,S,csv,list,1,298.82,,,,,,,0.073,,,,,,,
2026-05-20T13:13:40.662354+00:00,azure,S,parquet,list,1,78.92,,,,,,,0.057,,,,,,,
2026-05-20T13:13:47.349377+00:00,azure,S,csv,list,1,298.82,,,,,,,0.054,,,,,,,
2026-05-20T13:13:47.923233+00:00,azure,S,parquet,list,1,78.92,,,,,,,0.076,,,,,,,
2026-05-20T13:13:53.212659+00:00,azure,S,csv,list,1,298.82,,,,,,,0.06,,,,,,,
2026-05-20T13:13:53.746930+00:00,azure,S,parquet,list,1,78.92,,,,,,,0.053,,,,,,,
2026-05-20T13:14:01.675996+00:00,azure,M,csv,list,5,1494.12,,,,,,,0.141,,,,,,,
2026-05-20T13:14:02.427290+00:00,azure,M,parquet,list,5,394.61,,,,,,,0.234,,,,,,,
2026-05-20T13:14:07.828090+00:00,azure,M,csv,list,5,1494.12,,,,,,,0.186,,,,,,,
2026-05-20T13:14:08.884141+00:00,azure,M,parquet,list,5,394.61,,,,,,,0.213,,,,,,,
2026-05-20T13:14:16.481557+00:00,azure,M,csv,list,5,1494.12,,,,,,,0.177,,,,,,,
2026-05-20T13:14:17.317488+00:00,azure,M,parquet,list,5,394.61,,,,,,,0.162,,,,,,,
2026-05-20T13:14:34.659929+00:00,azure,L,csv,list,20,5976.46,,,,,,,0.214,,,,,,,
2026-05-20T13:14:36.593683+00:00,azure,L,parquet,list,20,1578.44,,,,,,,0.698,,,,,,,
2026-05-20T13:22:28.652674+00:00,azure,L,csv,list,20,5976.46,,,,,,,0.097,,,,,,,
2026-05-20T13:22:29.260391+00:00,azure,L,parquet,list,20,1578.44,,,,,,,0.148,,,,,,,
2026-05-20T13:23:18.240410+00:00,azure,L,csv,list,20,5976.46,,,,,,,0.136,,,,,,,
2026-05-20T13:23:18.948542+00:00,azure,L,parquet,list,20,1578.44,,,,,,,0.138,,,,,,,
2026-05-20T13:23:31.114038+00:00,aws,L,csv,list,20,5976.46,,,,,,,0.389,,,,,,,
2026-05-20T13:23:32.335243+00:00,aws,L,parquet,list,20,1578.44,,,,,,,0.859,,,,,,,
2026-05-20T13:23:38.168258+00:00,aws,L,csv,list,20,5976.46,,,,,,,0.501,,,,,,,
2026-05-20T13:23:39.340239+00:00,aws,L,parquet,list,20,1578.44,,,,,,,0.391,,,,,,,
2026-05-20T13:23:47.304228+00:00,aws,L,csv,list,20,5976.46,,,,,,,0.404,,,,,,,
2026-05-20T13:23:48.294904+00:00,aws,L,parquet,list,20,1578.44,,,,,,,0.416,,,,,,,
2026-05-20T13:23:57.253803+00:00,aws,M,csv,list,5,1494.12,,,,,,,0.532,,,,,,,
2026-05-20T13:23:58.484921+00:00,aws,M,parquet,list,5,394.61,,,,,,,0.411,,,,,,,
2026-05-20T13:24:03.884009+00:00,aws,M,csv,list,5,1494.12,,,,,,,0.465,,,,,,,
2026-05-20T13:24:04.967180+00:00,aws,M,parquet,list,5,394.61,,,,,,,0.562,,,,,,,
2026-05-20T13:24:18.664293+00:00,aws,M,csv,list,5,1494.12,,,,,,,0.817,,,,,,,
2026-05-20T13:24:20.131208+00:00,aws,M,parquet,list,5,394.61,,,,,,,0.485,,,,,,,
2026-05-20T13:24:27.771583+00:00,aws,S,csv,list,1,298.82,,,,,,,0.412,,,,,,,
2026-05-20T13:24:28.741020+00:00,aws,S,parquet,list,1,78.92,,,,,,,0.4,,,,,,,
2026-05-20T13:24:32.376661+00:00,aws,S,csv,list,1,298.82,,,,,,,0.416,,,,,,,
2026-05-20T13:24:33.332901+00:00,aws,S,parquet,list,1,78.92,,,,,,,0.362,,,,,,,
2026-05-20T13:24:36.029474+00:00,aws,S,csv,list,1,298.82,,,,,,,0.378,,,,,,,
2026-05-20T13:24:36.957435+00:00,aws,S,parquet,list,1,78.92,,,,,,,0.398,,,,,,,
2026-05-20T13:52:04.628274+00:00,azure,S,csv,query,,,,,,,,,,Eurozone,10.04.2026,20.04.2026,event_type,274.693,584041,4
2026-05-20T13:56:40.901373+00:00,azure,S,parquet,query,,,,,,,,,,Eurozone,10.04.2026,20.04.2026,event_type,37.441,584041,4
2026-05-20T18:25:17.046069+00:00,minio,S,csv,generate+upload+download+list+query,1,298.82,0,1253360324,0.559,534.52,0.329,909.15,0.03,Switzerland,10.04.2026,20.04.2026,event_type,2.558,83284,4
2026-05-20T18:25:20.606953+00:00,minio,S,parquet,generate+upload+download+list+query,1,78.92,0,331015164,0.176,449.2,0.123,641.32,0.03,Switzerland,10.04.2026,20.04.2026,event_type,0.14,83284,4
2026-05-20T18:40:40.260001+00:00,minio,S,csv,query,,,,,,,,,,Switzerland,10.04.2026,20.04.2026,event_type,2.745,83284,4
2026-05-20T18:40:43.043169+00:00,minio,S,parquet,query,,,,,,,,,,Switzerland,10.04.2026,20.04.2026,event_type,0.135,83284,4
2026-05-20T18:43:46.770552+00:00,minio,M,csv,query,,,,,,,,,,Switzerland,10.04.2026,20.04.2026,event_type,13.509,415753,4
2026-05-20T18:44:00.320309+00:00,minio,M,parquet,query,,,,,,,,,,Switzerland,10.04.2026,20.04.2026,event_type,0.6,415753,4
2026-05-20T18:45:44.713977+00:00,minio,M,csv,generate+upload+download+list+query,5,1494.12,0,6266805136,2.27,658.25,1.683,887.86,0.031,Switzerland,10.04.2026,20.04.2026,event_type,4.949,415233,4
2026-05-20T18:46:04.323167+00:00,minio,L,csv,generate+upload+download+list+query,20,5976.46,0,25067096600,9.41,635.11,6.336,943.31,0.031,Switzerland,10.04.2026,20.04.2026,event_type,12.248,1665903,4
2026-05-20T18:46:32.422832+00:00,minio,L,parquet,generate+upload+download+list+query,20,1578.44,0,6620470956,3.886,406.14,2.057,767.23,0.023,Switzerland,10.04.2026,20.04.2026,event_type,1.229,1665903,4
2026-05-20T18:47:11.525884+00:00,azure,S,csv,generate+upload+download+list+query,1,298.82,0,1253360324,211.473,1.41,201.412,1.48,0.047,Switzerland,10.04.2026,20.04.2026,event_type,214.888,83284,4
2026-05-20T18:57:41.639098+00:00,azure,S,parquet,generate+upload+download+list+query,1,78.92,0,165507582,106.797,0.74,68.193,1.16,0.04,Switzerland,10.04.2026,20.04.2026,event_type,15.08,83284,4
2026-05-20T19:13:57.659758+00:00,aws,S,csv,generate+upload+download+list+query,1,298.82,0,1253360324,265.939,1.12,40.894,7.31,1.233,Switzerland,10.04.2026,20.04.2026,event_type,82.855,83284,4
2026-05-20T19:20:31.945325+00:00,aws,S,parquet,generate+upload+download+list+query,1,78.92,0,331015164,58.781,1.34,7.127,11.07,0.412,Switzerland,10.04.2026,20.04.2026,event_type,4.454,83284,4
2026-05-20T19:57:31.245250+00:00,azure,M,csv,list+query,5,1494.12,,,,,,,0.091,Switzerland,10.04.2026,20.04.2026,event_type,1024.522,415233,4
2026-05-20T20:14:38.248521+00:00,azure,M,parquet,list+query,5,394.61,,,,,,,0.135,Switzerland,10.04.2026,20.04.2026,event_type,156.982,415233,4
2026-05-20T20:17:57.834297+00:00,aws,M,csv,list+query,5,1494.12,,,,,,,0.41,Switzerland,10.04.2026,20.04.2026,event_type,1308.189,415233,4
2026-05-20T20:39:50.852465+00:00,aws,M,parquet,list+query,5,394.61,,,,,,,0.454,Switzerland,10.04.2026,20.04.2026,event_type,94.58,415233,4
2026-05-20T20:45:30.256989+00:00,azure,L,csv,list+query,20,5976.46,,,,,,,0.109,Switzerland,10.04.2026,20.04.2026,event_type,1998.418,1665903,4
2026-05-20T21:18:50.972870+00:00,azure,L,parquet,list+query,20,1578.44,,,,,,,0.104,Switzerland,10.04.2026,20.04.2026,event_type,219.619,1665903,4
2026-05-20T21:23:56.630527+00:00,aws,L,csv,list+query,20,5976.46,,,,,,,0.39,Switzerland,10.04.2026,20.04.2026,event_type,2136.797,1665903,4
2026-05-20T21:59:36.008074+00:00,aws,L,parquet,list+query,20,1578.44,,,,,,,0.782,Switzerland,10.04.2026,20.04.2026,event_type,305.5,1665903,4
2026-05-20T22:10:18.813997+00:00,aws,L,csv,list,20,5976.46,,,,,,,0.438,,,,,,,
2026-05-20T22:10:19.904016+00:00,aws,L,parquet,list,20,1578.44,,,,,,,0.407,,,,,,,
2026-05-20T22:10:26.327041+00:00,aws,L,csv,list,20,5976.46,,,,,,,0.448,,,,,,,
2026-05-20T22:10:27.329557+00:00,aws,L,parquet,list,20,1578.44,,,,,,,0.401,,,,,,,
2026-05-20T22:10:33.635079+00:00,aws,M,csv,list,5,1494.12,,,,,,,0.348,,,,,,,
2026-05-20T22:10:34.522874+00:00,aws,M,parquet,list,5,394.61,,,,,,,0.382,,,,,,,
2026-05-20T22:10:37.910262+00:00,aws,M,csv,list,5,1494.12,,,,,,,0.374,,,,,,,
2026-05-20T22:10:38.839436+00:00,aws,M,parquet,list,5,394.61,,,,,,,0.669,,,,,,,
2026-05-20T22:10:41.939911+00:00,aws,M,csv,list,5,1494.12,,,,,,,0.385,,,,,,,
2026-05-20T22:10:42.924864+00:00,aws,M,parquet,list,5,394.61,,,,,,,0.386,,,,,,,
2026-05-20T22:10:49.996757+00:00,aws,S,csv,list,1,298.82,,,,,,,0.331,,,,,,,
2026-05-20T22:10:50.855940+00:00,aws,S,parquet,list,1,78.92,,,,,,,0.371,,,,,,,
2026-05-20T22:10:54.799884+00:00,aws,S,csv,list,1,298.82,,,,,,,0.36,,,,,,,
2026-05-20T22:10:56.415163+00:00,aws,S,parquet,list,1,78.92,,,,,,,0.368,,,,,,,
2026-05-20T22:11:01.799617+00:00,aws,L,csv,list,20,5976.46,,,,,,,0.427,,,,,,,
2026-05-20T22:11:02.793246+00:00,aws,L,parquet,list,20,1578.44,,,,,,,0.468,,,,,,,
2026-05-20T22:11:09.896372+00:00,aws,M,csv,list,5,1494.12,,,,,,,0.41,,,,,,,
2026-05-20T22:11:10.874016+00:00,aws,M,parquet,list,5,394.61,,,,,,,0.415,,,,,,,
2026-05-20T22:11:17.742019+00:00,aws,M,csv,list,5,1494.12,,,,,,,0.428,,,,,,,
2026-05-20T22:11:18.785451+00:00,aws,M,parquet,list,5,394.61,,,,,,,0.637,,,,,,,
2026-05-20T22:11:27.258907+00:00,azure,M,csv,list,5,1494.12,,,,,,,0.084,,,,,,,
2026-05-20T22:11:27.873244+00:00,azure,M,parquet,list,5,394.61,,,,,,,0.114,,,,,,,
2026-05-20T22:11:31.735415+00:00,azure,M,csv,list,5,1494.12,,,,,,,0.12,,,,,,,
2026-05-20T22:11:32.285290+00:00,azure,M,parquet,list,5,394.61,,,,,,,0.153,,,,,,,
2026-05-20T22:11:39.974314+00:00,azure,L,csv,list,20,5976.46,,,,,,,0.081,,,,,,,
2026-05-20T22:11:40.578005+00:00,azure,L,parquet,list,20,1578.44,,,,,,,0.127,,,,,,,
2026-05-20T22:11:47.021516+00:00,azure,L,csv,list,20,5976.46,,,,,,,0.119,,,,,,,
2026-05-20T22:11:47.688252+00:00,azure,L,parquet,list,20,1578.44,,,,,,,0.107,,,,,,,
2026-05-20T22:11:51.574859+00:00,azure,L,csv,list,20,5976.46,,,,,,,0.11,,,,,,,
2026-05-20T22:11:52.161462+00:00,azure,L,parquet,list,20,1578.44,,,,,,,0.137,,,,,,,
2026-05-20T22:11:58.117711+00:00,azure,S,csv,list,1,298.82,,,,,,,0.059,,,,,,,
2026-05-20T22:11:58.565079+00:00,azure,S,parquet,list,1,78.92,,,,,,,0.063,,,,,,,
2026-05-20T22:12:00.924956+00:00,azure,S,csv,list,1,298.82,,,,,,,0.058,,,,,,,
2026-05-20T22:12:01.395437+00:00,azure,S,parquet,list,1,78.92,,,,,,,0.052,,,,,,,
2026-05-20T22:12:03.452750+00:00,azure,S,csv,list,1,298.82,,,,,,,0.05,,,,,,,
2026-05-20T22:12:03.897527+00:00,azure,S,parquet,list,1,78.92,,,,,,,0.046,,,,,,,
2026-05-20T22:12:09.187042+00:00,azure,M,csv,list,5,1494.12,,,,,,,0.105,,,,,,,
2026-05-20T22:12:09.729455+00:00,azure,M,parquet,list,5,394.61,,,,,,,0.121,,,,,,,
2026-05-20T22:12:15.244596+00:00,azure,L,csv,list,20,5976.46,,,,,,,0.096,,,,,,,
2026-05-20T22:12:15.860731+00:00,azure,L,parquet,list,20,1578.44,,,,,,,0.11,,,,,,,
2026-05-20T22:12:18.732285+00:00,azure,L,csv,list,20,5976.46,,,,,,,0.072,,,,,,,
2026-05-20T22:12:19.253753+00:00,azure,L,parquet,list,20,1578.44,,,,,,,0.102,,,,,,,
2026-05-20T22:12:23.710078+00:00,azure,L,csv,list,20,5976.46,,,,,,,0.094,,,,,,,
2026-05-20T22:12:24.257239+00:00,azure,L,parquet,list,20,1578.44,,,,,,,0.117,,,,,,,
2026-05-21T10:28:25.303726+00:00,azure,S,csv,query,,,,,,,,,,Eurozone,10.04.2026,20.04.2026,event_type,363.901,584041,4
2026-05-21T10:34:31.473322+00:00,azure,S,parquet,query,,,,,,,,,,Eurozone,10.04.2026,20.04.2026,event_type,52.767,584041,4
2026-05-21T10:42:20.194066+00:00,aws,S,csv,query,,,,,,,,,,Eurozone,10.04.2026,20.04.2026,event_type,560.254,584041,4
2026-05-21T10:51:43.617494+00:00,aws,S,parquet,query,,,,,,,,,,Eurozone,10.04.2026,20.04.2026,event_type,31.136,584041,4
